Process Date,Work Center,Work Order No,Customer,Heat/Lot No,Pipe OD (mm),Pipe WT (mm),Route Code,Input MTR,Input PCS,Output MTR,Output PCS,Output MT,Rejection MTR,Rejection PCS,HTC OK (Nos),HTC OK (MTR),Yield %,Remarks
2026-10-05,ROLLING,6072,"Shanta Techno pvt.ltd",,73,8.75,ALLOY_CDS,289,50,578,100,8.01,0,0,100,578,200.0,"[PCS:100]"
2026-10-05,ROLLING,6072,"Shanta Techno pvt.ltd",,73,8.75,ALLOY_CDS,294.78,51,583.78,101,8.09,0,0,101,583.78,198.0,"[PCS:101]"
2026-10-05,ROLLING,6453,"Bharat Heavy Electrical Limited",,82,6.25,CDS,1044.96,168,1343.52,216,15.69,0,0,216,1343.52,128.6,"[PCS:216]"
2026-10-05,ROLLING,6555,"Steel Sales Company",,82,8.5,HFS,1742.43,241,1446,200,22.28,0,0,200,1446,83.0,"[PCS:200]"
2026-10-05,ROLLING,6068,"Shanta Techno pvt.ltd",,73,7.75,ALLOY_CDS,296.1,45,282.94,43,3.53,0,0,43,282.94,95.6,"[PCS:43]"
2026-10-05,ROLLING,6299,"Uniparts India LTD",,73,7.75,CDS,298.62,63,379.2,80,4.73,0,0,80,379.2,127.0,"[PCS:80]"
2026-10-05,ROLLING,6448,"Bharat Heavy Electrical Limited",,82,6.25,CDS,1262.05,215,1614.25,275,18.85,0,0,275,1614.25,127.9,"[PCS:275]"
2026-10-05,ROLLING,6394,"Bharat Heavy Electrical Limited",,82,6.25,CDS,38.15,5,45.78,6,0.53,0,0,6,45.78,120.0,"[PCS:6]"
2026-10-05,ROLLING,6399,"Bharat Heavy Electrical Limited",,82,6.25,CDS,83.16,12,110.88,16,1.29,0,0,16,110.88,133.3,"[PCS:16]"
2026-10-04,ROLLING,6236,"Uniparts India LTD",,73,14,CDS,198.74,38,230.12,44,4.69,0,0,44,230.12,115.8,"[PCS:44]"
2026-10-04,ROLLING,6392,"Bharat Heavy Electrical Limited",,73,6.75,CDS,699.2,95,949.44,129,10.47,0,0,129,949.44,135.8,"[PCS:129]"
2026-10-04,ROLLING,6559,"Excellent Dry-Tech Pvt.Ltd",,60.3,5,CDS,5019.52,1012,8119.52,1637,55.37,0,0,1637,8119.52,161.8,"[PCS:1637]"
2026-10-04,ROLLING,6352,"Bharat Heavy Electrical Limited",,82,8.5,CDS,2140.08,296,3846.36,532,59.26,0,0,532,3846.36,179.7,"[PCS:532]"
2026-10-04,ROLLING,6392,"Bharat Heavy Electrical Limited",,73,6.75,CDS,51.52,7,66.24,9,0.73,0,0,9,66.24,128.6,"[PCS:9]"
2026-10-04,ROLLING,6392,"Bharat Heavy Electrical Limited",,73,6.75,CDS,434.24,59,588.8,80,6.49,0,0,80,588.8,135.6,"[PCS:80]"
2026-10-04,ROLLING,6352,"Bharat Heavy Electrical Limited",,82,8.5,CDS,137.37,19,253.05,35,3.9,0,0,35,253.05,184.2,"[PCS:35]"
2026-10-03,ROLLING,6172,"M.S. Raja pvt.ltd",,60.3,3.91,HFS,426,71,426,71,2.32,0,0,71,426,100.0,"[PCS:71]"
2026-10-02,ROLLING,6172,"M.S. Raja pvt.ltd",,60.3,3.91,HFS,426,71,426,71,2.32,0,0,71,426,100.0,"[PCS:71]"
2026-10-03,ROLLING,6245,"Calcutta Steel tube Corporation",,60.3,5.25,CDS,383.59,89,543.06,126,3.87,0,0,126,543.06,141.6,"[PCS:126]"
2026-10-03,ROLLING,6298,"Uniparts India LTD",,73,13,CDS,498.6,90,537.38,97,10.34,0,0,97,537.38,107.8,"[PCS:97]"
2026-10-03,ROLLING,6392,"Bharat Heavy Electrical Limited",,73,6.75,CDS,213.44,29,294.4,40,3.25,0,0,40,294.4,137.9,"[PCS:40]"
2026-10-03,ROLLING,6245,"Calcutta Steel tube Corporation",,60.3,5.25,CDS,383.59,89,543.06,126,3.87,0,0,126,543.06,141.6,"[PCS:126]"
2026-10-03,ROLLING,6559,"Excellent Dry-Tech Pvt.Ltd",,60.3,5,CDS,4870.72,982,7876.48,1588,53.71,0,0,1588,7876.48,161.7,"[PCS:1588]"
2026-10-03,ROLLING,6355,"Bharat Heavy Electrical Limited",,73,7,CDS,6803.4,1020,9177.92,1376,104.57,0,0,1376,9177.92,134.9,"[PCS:1376]"
2026-10-02,ROLLING,6355,"Bharat Heavy Electrical Limited",,73,7,CDS,3141.57,471,4242.12,636,48.33,0,0,636,4242.12,135.0,"[PCS:636]"
2026-10-02,ROLLING,6278,"Shanta Techno pvt.ltd",,47,5.5,CDS,540.2,74,868.7,119,4.89,0,0,119,868.7,160.8,"[PCS:119]"
2026-10-02,ROLLING,6435,"Taher Steel Tube co",,73,5.25,CDS,516.25,125,759.92,184,6.67,0,0,184,759.92,147.2,"[PCS:184]"
2026-10-02,ROLLING,4069,"Sainest Tubes Pvt.Ltd",,38.1,3.75,CDS,2040,340,3402,567,10.81,0,0,567,3402,166.8,"[PCS:567]"
2026-10-02,ROLLING,4069,"Sainest Tubes Pvt.Ltd",,38.1,3.75,CDS,2214,369,3690,615,11.72,0,0,615,3402,166.7,"[PCS:615]"
2026-10-02,ROLLING,4069,"Sainest Tubes Pvt.Ltd",,38.1,3.75,CDS,2214,369,3690,615,11.72,0,0,615,3402,166.7,"[PCS:615]"
2026-10-02,ROLLING,6355,"Bharat Heavy Electrical Limited",,73,7,CDS,3655.16,548,4935.8,740,56.24,0,0,740,4935.8,135.0,"[PCS:740]"
2026-10-01,ROLLING,6395,"Bharat Heavy Electrical Limited",,73,5,CDS,424.06,91,638.42,137,5.35,0,0,137,638.42,150.5,"[PCS:137]"
2026-10-01,ROLLING,6396,"Bharat Heavy Electrical Limited",,73,5,CDS,1721.25,425,2547.45,629,21.36,0,0,629,2547.45,148.0,"[PCS:629]"
2026-10-01,ROLLING,6349,"Bharat Heavy Electrical Limited",,73,7,CDS,4351.2,588,5883,795,67.03,0,0,795,5712.8,135.2,"[PCS:795]"
2026-10-01,ROLLING,6407,"Dinesh Tube India",,70,5,CDS,127.1,31,168.1,41,1.35,0,0,41,168.1,132.3,"[PCS:41]"
2026-10-01,ROLLING,6430,"Tubes india",,70,5.25,CDS,1549.36,362,2169.96,507,18.19,0,0,507,2169.96,140.1,"[PCS:507]"
2026-10-01,ROLLING,6395,"Bharat Heavy Electrical Limited",,73,5,CDS,1281.5,275,1924.58,413,16.14,0,0,413,1924.58,150.2,"[PCS:413]"
2026-10-01,ROLLING,6349,"Bharat Heavy Electrical Limited",,73,7,CDS,1620.6,219,2190.4,296,24.96,0,0,296,2190.4,135.2,"[PCS:296]"
2026-09-30,ROLLING,6435,"Taher Steel Tube co",,73,5.25,CDS,516.25,125,759.92,184,6.67,0,0,184,759.92,147.2,"[PCS:184]"
2026-09-30,ROLLING,6396,"Bharat Heavy Electrical Limited",,73,5,CDS,178.2,44,263.25,65,2.21,0,0,65,263.25,147.7,"[PCS:65]"
2026-09-30,ROLLING,6430,"Tubes india",,70,5.25,CDS,1288.28,301,1754.8,410,14.71,0,0,410,1804,136.2,"[PCS:410]"
2026-09-30,ROLLING,6278,"Shanta Techno pvt.ltd",,47,5.5,CDS,540.2,74,868.7,119,4.89,0,0,119,868.7,160.8,"[PCS:119]"
2026-09-30,ROLLING,6307,"Avon Tubetech",,47,5,CDS,9945.65,1391,16001.7,2238,82.87,0,0,2238,4004,160.9,"[PCS:2238]"
2026-09-28,ROLLING,6430,"Tubes india",,70,5.25,CDS,4202.96,982,5730.92,1339,48.04,0,0,1339,5891.6,136.4,"[PCS:1339]"
2026-09-29,ROLLING,6248,"Calcutta Steel tube Corporation",,73,5.75,CDS,341.24,76,341.24,76,3.25,0,0,76,451.4,100.0,"[PCS:76]"