Work Order #,Customer,Grade,Size,BS Entries,BS Cut OK (PCS),BS Cut OK (MTR),BS Cut OK (MT),BS Rej (PCS),BS Lots,VDI Entries,VDI Inspected (PCS),VDI OK (PCS),VDI OK (MTR),VDI OK (MT),VDI Salvage (PCS),VDI Rej (PCS),VDI Lots,Finishing Entries,Bundled OK (PCS),Bundled OK (MTR),Bundled OK (MT),Finishing Rej (PCS),Finishing Lots
"4069","Sainest Tubes Pvt.Ltd","ASME SA 192","30 × 2.6 mm",5,415,4140.7,7.275,0,"426100092; 426100063; 426100062",3,368,330,3267,5.74,38,0,"426100062; 426100063",0,0,0,0,0,""
"6245","Calcutta Steel tube Corporation","ASME SA210 Gr.A1","50.8 × 3.66 mm",4,223,1360.3,5.788,1,"426100106; 426100105; 426100054",0,0,0,0,0,0,0,"",0,0,0,0,0,""
"6248","Calcutta Steel tube Corporation","ASME SA210 Gr.A1","63.5 × 4.06 mm",1,70,427,2.541,0,"426100022",1,70,70,427,2.54,0,0,"426100022",0,0,0,0,0,""
"6278","Shanta Techno pvt.ltd","ASME SA210 Gr.A1","38.1 × 3.66 mm",1,118,1392.4,4.328,0,"",1,118,116,1368.8,4.26,2,0,"",1,107,1262.6,3.925,0,"BDL-01"
"6307","Avon Tubetech","SAE 1010","38.1 × 3.5 mm",13,2235,25696.4,76.742,0,"426100018; 426100040; 426100041; 426100091; 426100042; 426100005",9,1313,1143,12573,37.56,170,0,"426100005",1,1143,13144.5,39.256,0,"BDL-01"
"6349","Bharat Heavy Electrical Limited","ASME SA210 Gr C","63.5 × 5.2 mm",0,0,0,0,0,"",9,348,331,3310,24.76,17,0,"426100031; 426100029; 426100032; 426100038; 426100030; 426100039; 426100036; 426100021",1,273,2730,20.411,0,"BDL-01"
"6355","Bharat Heavy Electrical Limited","ASME SA210 Gr C","63.5 × 5.2 mm",20,890,8008,59.871,0,"426100048; 426100080; 426100087; 426100089; 426100095; 426100097; 426100099; 426100088; 426100066; 426100058; 426100060; 426100061; 426100046; 426100076; 426100065; 426100077; 426100079; 426100078",0,0,0,0,0,0,0,"",0,0,0,0,0,""
"6395","Bharat Heavy Electrical Limited","ASME SA 192","63.5 × 3.2 mm",5,251,1757,8.361,0,"426091041; 426100012; 426100013; 426100044; 426100043",4,240,219,1533,7.3,21,0,"426100043; 426100044; 426100013",0,0,0,0,0,""
"6396","Bharat Heavy Electrical Limited","ASME SA 192","63.5 × 3.2 mm",8,365,2190,10.422,0,"426100108; 426091043; 426100109; 426091045; 426100011; 426100010",0,0,0,0,0,0,0,"",0,0,0,0,0,""
"6430","Tubes india","ASTM A106 Gr B","60.3 × 3.91 mm",13,2369,14205.5,77.242,0,"426090990; 426100053; 426090992; 426090993; 426091007; 426091014; 426091029; 426091030",9,1642,1573,9438,51.32,69,0,"426090992",3,1503,9018,49.035,0,"BDL-01"
"6435","Taher Steel Tube co","BS 3059-P2 GR360","63.5 × 3.66 mm",2,183,1116.3,6.029,0,"426100057",2,183,153,933.3,5.05,30,0,"426100057",1,124,756.4,4.085,0,"BDL-01"
"6555","Steel Sales Company","ASTM A106 Gr B","73 × 7.01 mm",1,217,1300,14.831,0,"",1,86,86,430,4.91,0,0,"",0,0,0,0,0,""
"6559","Excellent Dry-Tech Pvt.Ltd","BS 3059-P2 GR360","50.8 × 3.25 mm",18,1636,13120.72,50.005,0,"6246100067; 426100086; 426100094; 426100093; 426100101; 426100114; 426100115; 426100107; 426100103; 426100104; 426100082; 426100081; 426100083; 426100084; 426100090; 426100102; 426100085",3,268,263,2109.26,8.04,5,0,"426100085; 426100090; 426100102",0,0,0,0,0,""
