Work Center,Work Order #,Customer,Grade,Size,Output OK (PCS),Output OK (MTR),Output OK (MT),Salvage (PCS),Rejection (PCS)
BAND_SAW,4069,Sainest Tubes Pvt.Ltd,ASME SA 192,30 × 2.6 mm,415,4140.7,7.275,0,0
BAND_SAW,6245,Calcutta Steel tube Corporation,ASME SA210 Gr.A1,50.8 × 3.66 mm,223,1360.3,5.788,0,1
BAND_SAW,6248,Calcutta Steel tube Corporation,ASME SA210 Gr.A1,63.5 × 4.06 mm,70,427,2.541,0,0
BAND_SAW,6278,Shanta Techno pvt.ltd,ASME SA210 Gr.A1,38.1 × 3.66 mm,118,1392.4,4.328,0,0
BAND_SAW,6307,Avon Tubetech,SAE 1010,38.1 × 3.5 mm,2235,25696.4,76.742,0,0
BAND_SAW,6355,Bharat Heavy Electrical Limited,ASME SA210 Gr C,63.5 × 5.2 mm,890,8008,59.871,0,0
BAND_SAW,6395,Bharat Heavy Electrical Limited,ASME SA 192,63.5 × 3.2 mm,251,1757,8.361,0,0
BAND_SAW,6396,Bharat Heavy Electrical Limited,ASME SA 192,63.5 × 3.2 mm,365,2190,10.422,0,0
BAND_SAW,6430,Tubes india,ASTM A106 Gr B,60.3 × 3.91 mm,2369,14205.5,77.242,0,0
BAND_SAW,6435,Taher Steel Tube co,BS 3059-P2 GR360,63.5 × 3.66 mm,183,1116.3,6.029,0,0
BAND_SAW,6555,Steel Sales Company,ASTM A106 Gr B,73 × 7.01 mm,217,1300,14.831,0,0
BAND_SAW,6559,Excellent Dry-Tech Pvt.Ltd,BS 3059-P2 GR360,50.8 × 3.25 mm,1636,13120.72,50.005,0,0
,,,,,8972,74714.32,323.435,,
VDI,4069,Sainest Tubes Pvt.Ltd,ASME SA 192,30 × 2.6 mm,330,3267,5.74,38,0
VDI,6248,Calcutta Steel tube Corporation,ASME SA210 Gr.A1,63.5 × 4.06 mm,70,427,2.54,0,0
VDI,6278,Shanta Techno pvt.ltd,ASME SA210 Gr.A1,38.1 × 3.66 mm,116,1368.8,4.26,2,0
VDI,6307,Avon Tubetech,SAE 1010,38.1 × 3.5 mm,1143,12573,37.56,170,0
VDI,6349,Bharat Heavy Electrical Limited,ASME SA210 Gr C,63.5 × 5.2 mm,331,3310,24.76,17,0
VDI,6395,Bharat Heavy Electrical Limited,ASME SA 192,63.5 × 3.2 mm,219,1533,7.3,21,0
VDI,6430,Tubes india,ASTM A106 Gr B,60.3 × 3.91 mm,1573,9438,51.32,69,0
VDI,6435,Taher Steel Tube co,BS 3059-P2 GR360,63.5 × 3.66 mm,153,933.3,5.05,30,0
VDI,6555,Steel Sales Company,ASTM A106 Gr B,73 × 7.01 mm,86,430,4.91,0,0
VDI,6559,Excellent Dry-Tech Pvt.Ltd,BS 3059-P2 GR360,50.8 × 3.25 mm,263,2109.26,8.04,5,0
,,,,,4284,35389.36,151.48,,
FINISHING,6278,Shanta Techno pvt.ltd,ASME SA210 Gr.A1,38.1 × 3.66 mm,107,1262.6,3.925,0,0
FINISHING,6307,Avon Tubetech,SAE 1010,38.1 × 3.5 mm,1143,13144.5,39.256,0,0
FINISHING,6349,Bharat Heavy Electrical Limited,ASME SA210 Gr C,63.5 × 5.2 mm,273,2730,20.411,0,0
FINISHING,6430,Tubes india,ASTM A106 Gr B,60.3 × 3.91 mm,1503,9018,49.035,0,0
FINISHING,6435,Taher Steel Tube co,BS 3059-P2 GR360,63.5 × 3.66 mm,124,756.4,4.085,0,0
,,,,,3150,26911.5,116.712,,
