Work Order #,Customer,Grade,Size,Entries Count,Inspected (PCS),Passed OK (PCS),Passed OK (MTR),Passed OK (MT),Salvage (PCS),Rejection (PCS),Heat Lots
"4069","Sainest Tubes Pvt.Ltd","ASME SA 192","30 × 2.6 mm",3,368,330,3267.00,5.740,38,0,"426100062; 426100063"
"6248","Calcutta Steel tube Corporation","ASME SA210 Gr.A1","63.5 × 4.06 mm",1,70,70,427.00,2.540,0,0,"426100022"
"6278","Shanta Techno pvt.ltd","ASME SA210 Gr.A1","38.1 × 3.66 mm",1,118,116,1368.80,4.260,2,0,""
"6307","Avon Tubetech","SAE 1010","38.1 × 3.5 mm",9,1313,1143,12573.00,37.560,170,0,"426100005"
"6349","Bharat Heavy Electrical Limited","ASME SA210 Gr C","63.5 × 5.2 mm",9,348,331,3310.00,24.760,17,0,"426100031; 426100029; 426100032; 426100038; 426100030; 426100039; 426100036; 426100021"
"6395","Bharat Heavy Electrical Limited","ASME SA 192","63.5 × 3.2 mm",4,240,219,1533.00,7.300,21,0,"426100043; 426100044; 426100013"
"6430","Tubes india","ASTM A106 Gr B","60.3 × 3.91 mm",9,1642,1573,9438.00,51.320,69,0,"426090992"
"6435","Taher Steel Tube co","BS 3059-P2 GR360","63.5 × 3.66 mm",2,183,153,933.30,5.050,30,0,"426100057"
"6555","Steel Sales Company","ASTM A106 Gr B","73 × 7.01 mm",1,86,86,430.00,4.910,0,0,""
"6559","Excellent Dry-Tech Pvt.Ltd","BS 3059-P2 GR360","50.8 × 3.25 mm",3,268,263,2109.26,8.040,5,0,"426100085; 426100090; 426100102"
"TOTAL","","","",42,4636,4284,35389.36,151.480,352,0,""
