Work Order #,Customer,Grade,Size,Cut OK (PCS),Cut OK (MTR),Cut OK (MT),Rejection (PCS),Heat Lots
4069,Sainest Tubes Pvt.Ltd,ASME SA 192,30 × 2.6 mm,415,4140.7,7.275,0,426100092; 426100063; 426100062
6245,Calcutta Steel tube Corporation,ASME SA210 Gr.A1,50.8 × 3.66 mm,223,1360.3,5.788,1,426100106; 426100105; 426100054
6248,Calcutta Steel tube Corporation,ASME SA210 Gr.A1,63.5 × 4.06 mm,70,427,2.541,0,426100022
6278,Shanta Techno pvt.ltd,ASME SA210 Gr.A1,38.1 × 3.66 mm,118,1392.4,4.328,0,
6307,Avon Tubetech,SAE 1010,38.1 × 3.5 mm,2235,25696.4,76.742,0,426100018; 426100040; 426100041; 426100091; 426100042; 426100005
6355,Bharat Heavy Electrical Limited,ASME SA210 Gr C,63.5 × 5.2 mm,890,8008,59.871,0,426100048; 426100080; 426100087; 426100089; 426100095; 426100097; 426100099; 426100088; 426100066; 426100058; 426100060; 426100061; 426100046; 426100076; 426100065; 426100077; 426100079; 426100078
6395,Bharat Heavy Electrical Limited,ASME SA 192,63.5 × 3.2 mm,251,1757,8.361,0,426091041; 426100012; 426100013; 426100044; 426100043
6396,Bharat Heavy Electrical Limited,ASME SA 192,63.5 × 3.2 mm,365,2190,10.422,0,426100108; 426091043; 426100109; 426091045; 426100011; 426100010
6430,Tubes india,ASTM A106 Gr B,60.3 × 3.91 mm,2369,14205.5,77.242,0,426090990; 426100053; 426090992; 426090993; 426091007; 426091014; 426091029; 426091030
6435,Taher Steel Tube co,BS 3059-P2 GR360,63.5 × 3.66 mm,183,1116.3,6.029,0,426100057
6555,Steel Sales Company,ASTM A106 Gr B,73 × 7.01 mm,217,1300,14.831,0,
6559,Excellent Dry-Tech Pvt.Ltd,BS 3059-P2 GR360,50.8 × 3.25 mm,1636,13120.72,50.005,0,6246100067; 426100086; 426100094; 426100093; 426100101; 426100114; 426100115; 426100107; 426100103; 426100104; 426100082; 426100081; 426100083; 426100084; 426100090; 426100102; 426100085
TOTAL,,,,8972,74714.32,323.435,1,
